<?xml version="1.0" encoding="UTF-8" standalone="no"?>
<beans xmlns="http://www.springframework.org/schema/beans" xmlns:p="http://www.springframework.org/schema/p" xmlns:webflow="http://www.springframework.org/schema/webflow-config" xmlns:xsi="http://www.w3.org/2001/XMLSchema-instance" xsi:schemaLocation="            http://www.springframework.org/schema/beans http://www.springframework.org/schema/beans/spring-beans-3.1.xsd            http://www.springframework.org/schema/webflow-config http://www.springframework.org/schema/webflow-config/spring-webflow-config-2.0.xsd">
	
	<!--Maps request paths to flows in the flowRegistry--> 
	<bean class="org.springframework.webflow.mvc.servlet.FlowHandlerMapping"> 
		<property name="order" value="0"/> 
		<property name="flowRegistry" ref="flowRegistry"/> 
	<property name="interceptors">
            <array>
                <ref bean="conversionServiceExposingInterceptor"/>
            </array>
        </property>
    </bean>

	<!-- Dispatches requests mapped to flows to FlowHandler implementations -->
	<bean class="org.springframework.webflow.mvc.servlet.FlowHandlerAdapter">
		<property name="flowExecutor" ref="flowExecutor"/>
	</bean>
	
	<!-- Executes flows: the entry point into the Spring Web Flow system -->
	<webflow:flow-executor id="flowExecutor"/>

	<!-- The registry of executable flow definitions -->
	<webflow:flow-registry base-path="/WEB-INF/views" flow-builder-services="flowBuilderServices" id="flowRegistry">
		<webflow:flow-location-pattern value="/**/flow.xml"/>
	</webflow:flow-registry>

	<!-- Plugs in a custom creator for Web Flow views -->
	<webflow:flow-builder-services development="true" id="flowBuilderServices" view-factory-creator="mvcViewFactoryCreator"/>

	<bean class="org.springframework.webflow.mvc.builder.MvcViewFactoryCreator" id="mvcViewFactoryCreator">
		<property name="viewResolvers" ref="tilesViewResolver"/>
	</bean>
<bean class="org.springframework.web.servlet.handler.ConversionServiceExposingInterceptor" id="conversionServiceExposingInterceptor">
        <constructor-arg ref="applicationConversionService"/>
    </bean>
</beans>
